items,freq,items_with_desc
['20712'],293,['20712: JUMBO BAG WOODLAND ANIMALS']
"['20712', '85099B']",152,"['20712: JUMBO BAG WOODLAND ANIMALS', '85099B: JUMBO BAG RED RETROSPOT']"
"['20712', '22386']",116,"['20712: JUMBO BAG WOODLAND ANIMALS', '22386: JUMBO BAG PINK POLKADOT']"
['84992'],189,['84992: 72 SWEETHEART FAIRY CAKE CASES']
['21868'],117,['21868: POTTING SHED TEA MUG']
['48184'],213,['48184: DOORMAT ENGLISH ROSE ']
['21843'],243,['21843: RED RETROSPOT CAKE STAND']
['21174'],170,['21174: POTTERING IN THE SHED METAL SIGN']
['85152'],268,['85152: HAND OVER THE CHOCOLATE   SIGN ']
['22192'],208,['22192: BLUE DINER WALL CLOCK']
['22851'],132,['22851: SET 20 NAPKINS FAIRY CAKES DESIGN ']
['21506'],121,"['21506: FANCY FONT BIRTHDAY CARD, ']"
['22726'],445,['22726: ALARM CLOCK BAKELIKE GREEN']
"['22726', '22727']",284,"['22726: ALARM CLOCK BAKELIKE GREEN', '22727: ALARM CLOCK BAKELIKE RED ']"
['22077'],336,['22077: 6 RIBBONS RUSTIC CHARM']
['21621'],233,['21621: VINTAGE UNION JACK BUNTING']
['23110'],129,['23110: PARISIENNE KEY CABINET ']
['23203'],638,['23203: JUMBO BAG VINTAGE DOILY ']
"['23203', '85099B']",259,"['23203: JUMBO BAG VINTAGE DOILY ', '85099B: JUMBO BAG RED RETROSPOT']"
['22382'],415,['22382: LUNCH BAG SPACEBOY DESIGN ']
"['22382', '22383']",162,"['22382: LUNCH BAG SPACEBOY DESIGN ', '22383: LUNCH BAG SUKI DESIGN ']"
"['22382', '20725']",158,"['22382: LUNCH BAG SPACEBOY DESIGN ', '20725: LUNCH BAG RED RETROSPOT']"
"['22382', '22384']",132,"['22382: LUNCH BAG SPACEBOY DESIGN ', '22384: LUNCH BAG PINK POLKADOT']"
"['22382', '20728']",142,"['22382: LUNCH BAG SPACEBOY DESIGN ', '20728: LUNCH BAG CARS BLUE']"
"['22382', '20727']",128,"['22382: LUNCH BAG SPACEBOY DESIGN ', '20727: LUNCH BAG  BLACK SKULL.']"
['22759'],151,['22759: SET OF 3 NOTEBOOKS IN PARCEL']
['21238'],138,['21238: RED RETROSPOT CUP']
['21915'],317,['21915: RED  HARMONICA IN BOX ']
['22193'],254,['22193: RED DINER WALL CLOCK']
['21877'],119,['21877: HOME SWEET HOME MUG']
['C2'],126,['C2: CARRIAGE']
['85099F'],368,['85099F: JUMBO BAG STRAWBERRY']
"['85099F', '85099B']",236,"['85099F: JUMBO BAG STRAWBERRY', '85099B: JUMBO BAG RED RETROSPOT']"
"['85099F', '22386']",159,"['85099F: JUMBO BAG STRAWBERRY', '22386: JUMBO BAG PINK POLKADOT']"
"['85099F', '22386', '85099B']",128,"['85099F: JUMBO BAG STRAWBERRY', '22386: JUMBO BAG PINK POLKADOT', '85099B: JUMBO BAG RED RETROSPOT']"
['23283'],134,['23283: DOORMAT VINTAGE LEAF']
['21481'],168,['21481: FAWN BLUE HOT WATER BOTTLE']
['22727'],499,['22727: ALARM CLOCK BAKELIKE RED ']
['22752'],145,['22752: SET 7 BABUSHKA NESTING BOXES']
['71477'],156,['71477: COLOUR GLASS. STAR T-LIGHT HOLDER']
['23243'],202,['23243: SET OF TEA COFFEE SUGAR TINS PANTRY']
['82580'],165,['82580: BATHROOM METAL SIGN']
['48188'],153,['48188: DOORMAT WELCOME PUPPIES']
['22748'],143,"[""22748: POPPY'S PLAYHOUSE KITCHEN""]"
['22632'],177,['22632: HAND WARMER RED RETROSPOT']
['21155'],172,['21155: RED RETROSPOT PEG BAG']
['23200'],247,['23200: JUMBO BAG PEARS']
"['23200', '23203']",131,"['23200: JUMBO BAG PEARS', '23203: JUMBO BAG VINTAGE DOILY ']"
"['23200', '23199']",146,"['23200: JUMBO BAG PEARS', '23199: JUMBO BAG APPLES']"
"['23200', '23202']",127,"['23200: JUMBO BAG PEARS', '23202: JUMBO BAG VINTAGE LEAF']"
['22962'],118,['22962: JAM JAR WITH PINK LID']
['22766'],215,['22766: PHOTO FRAME CORNICE']
['84970L'],192,['84970L: SINGLE HEART ZINC T-LIGHT HOLDER']
['23205'],162,['23205: CHARLOTTE BAG VINTAGE ALPHABET ']
['21314'],209,['21314: SMALL GLASS HEART TRINKET POT']
['23192'],114,['23192: BUNDLE OF 3 ALPHABET EXERCISE BOOKS']
['15056N'],236,['15056N: EDWARDIAN PARASOL NATURAL']
['22729'],186,['22729: ALARM CLOCK BAKELIKE ORANGE']
"['22729', '22727']",123,"['22729: ALARM CLOCK BAKELIKE ORANGE', '22727: ALARM CLOCK BAKELIKE RED ']"
['84991'],272,['84991: 60 TEATIME FAIRY CAKE CASES']
"['84991', '21212']",119,"['84991: 60 TEATIME FAIRY CAKE CASES', '21212: PACK OF 72 RETROSPOT CAKE CASES']"
['22992'],122,['22992: REVOLVER WOODEN RULER ']
['23301'],346,['23301: GARDENERS KNEELING PAD KEEP CALM ']
['22996'],133,['22996: TRAVEL CARD WALLET VINTAGE TICKET']
['22030'],120,['22030: SWALLOWS GREETING CARD']
['23171'],152,['23171: REGENCY TEA PLATE GREEN ']
"['23171', '23170']",129,"['23171: REGENCY TEA PLATE GREEN ', '23170: REGENCY TEA PLATE ROSES ']"
['22139'],431,['22139: RETROSPOT TEA SET CERAMIC 11 PC ']
['23256'],140,['23256: CHILDRENS CUTLERY SPACEBOY ']
['84879'],896,['84879: ASSORTED COLOUR BIRD ORNAMENT']
"['84879', '22423']",122,"['84879: ASSORTED COLOUR BIRD ORNAMENT', '22423: REGENCY CAKESTAND 3 TIER']"
"['84879', '85123A']",136,"['84879: ASSORTED COLOUR BIRD ORNAMENT', '85123A: WHITE HANGING HEART T-LIGHT HOLDER']"
['21756'],131,['21756: BATH BUILDING BLOCK WORD']
['22617'],225,['22617: BAKING SET SPACEBOY DESIGN']
"['22617', '22138']",158,"['22617: BAKING SET SPACEBOY DESIGN', '22138: BAKING SET 9 PIECE RETROSPOT ']"
['48187'],323,['48187: DOORMAT NEW ENGLAND']
['20972'],257,['20972: PINK CREAM FELT CRAFT TRINKET BOX ']
['22197'],515,['22197: POPCORN HOLDER']
['72741'],147,['72741: GRAND CHOCOLATECANDLE']
['85014B'],136,['85014B: RED RETROSPOT UMBRELLA']
['23344'],302,"[""23344: JUMBO BAG 50'S CHRISTMAS ""]"
['23172'],127,['23172: REGENCY TEA PLATE PINK']
['23355'],380,['23355: HOT WATER BOTTLE KEEP CALM']
"['23355', '22112']",133,"['23355: HOT WATER BOTTLE KEEP CALM', '22112: CHOCOLATE HOT WATER BOTTLE']"
['22173'],158,['22173: METAL 4 HOOK HANGER FRENCH CHATEAU']
['23319'],169,"[""23319: BOX OF 6 MINI 50'S CRACKERS""]"
['20971'],205,['20971: PINK BLUE FELT CRAFT TRINKET BOX']
['22499'],179,['22499: WOODEN UNION JACK BUNTING']
['22464'],154,['22464: HANGING METAL HEART LANTERN']
['22413'],144,['22413: METAL SIGN TAKE IT OR LEAVE IT ']
['21668'],166,['21668: RED STRIPE CERAMIC DRAWER KNOB']
['20728'],463,['20728: LUNCH BAG CARS BLUE']
"['20728', '22383']",194,"['20728: LUNCH BAG CARS BLUE', '22383: LUNCH BAG SUKI DESIGN ']"
"['20728', '20725']",191,"['20728: LUNCH BAG CARS BLUE', '20725: LUNCH BAG RED RETROSPOT']"
"['20728', '20727']",164,"['20728: LUNCH BAG CARS BLUE', '20727: LUNCH BAG  BLACK SKULL.']"
['22551'],217,['22551: PLASTERS IN TIN SPACEBOY']
['22367'],174,['22367: CHILDRENS APRON SPACEBOY DESIGN']
['23581'],163,['23581: JUMBO BAG PAISLEY PARK']
['22966'],249,['22966: GINGERBREAD MAN COOKIE CUTTER']
['22595'],194,['22595: GINGHAM HEART DECORATION']
['22111'],354,['22111: SCOTTIE DOG HOT WATER BOTTLE']
"['22111', '22112']",140,"['22111: SCOTTIE DOG HOT WATER BOTTLE', '22112: CHOCOLATE HOT WATER BOTTLE']"
['85066'],284,['85066: CREAM SWEETHEART MINI CHEST']
['84836'],211,['84836: ZINC METAL HEART DECORATION']
['22646'],124,['22646: CERAMIC STRAWBERRY CAKE MONEY BANK']
['22909'],241,['22909: SET OF 20 VINTAGE CHRISTMAS NAPKINS']
['23247'],115,"[""23247: BISCUIT TIN 50'S CHRISTMAS""]"
['23170'],187,['23170: REGENCY TEA PLATE ROSES ']
['23328'],140,['23328: SET 6 SCHOOL MILK BOTTLES IN CRATE']
['21907'],121,"[""21907: I'M ON HOLIDAY METAL SIGN""]"
['21977'],327,['21977: PACK OF 60 PINK PAISLEY CAKE CASES']
"['21977', '21212']",141,"['21977: PACK OF 60 PINK PAISLEY CAKE CASES', '21212: PACK OF 72 RETROSPOT CAKE CASES']"
['21524'],227,['21524: DOORMAT SPOTTY HOME SWEET HOME']
['22431'],132,['22431: WATERING CAN BLUE ELEPHANT']
['21931'],434,['21931: JUMBO STORAGE BAG SUKI']
"['21931', '85099B']",243,"['21931: JUMBO STORAGE BAG SUKI', '85099B: JUMBO BAG RED RETROSPOT']"
"['21931', '22386']",162,"['21931: JUMBO STORAGE BAG SUKI', '22386: JUMBO BAG PINK POLKADOT']"
"['21931', '22386', '85099B']",122,"['21931: JUMBO STORAGE BAG SUKI', '22386: JUMBO BAG PINK POLKADOT', '85099B: JUMBO BAG RED RETROSPOT']"
"['21931', '22383']",115,"['21931: JUMBO STORAGE BAG SUKI', '22383: LUNCH BAG SUKI DESIGN ']"
"['21931', '22411']",135,"['21931: JUMBO STORAGE BAG SUKI', '22411: JUMBO SHOPPER VINTAGE RED PAISLEY']"
['23321'],260,['23321: SMALL WHITE HEART OF WICKER']
['21181'],391,['21181: PLEASE ONE PERSON METAL SIGN']
['22569'],161,['22569: FELTCRAFT CUSHION BUTTERFLY']
['85048'],138,['85048: 15CM CHRISTMAS GLASS BALL 20 LIGHTS']
['22178'],559,['22178: VICTORIAN GLASS HANGING T-LIGHT']
['23207'],310,['23207: LUNCH BAG ALPHABET DESIGN']
"['23207', '23206']",125,"['23207: LUNCH BAG ALPHABET DESIGN', '23206: LUNCH BAG APPLE DESIGN']"
"['23207', '23201']",114,"['23207: LUNCH BAG ALPHABET DESIGN', '23201: JUMBO BAG ALPHABET']"
['22970'],149,['22970: LONDON BUS COFFEE MUG']
['23236'],127,['23236: STORAGE TIN VINTAGE DOILY ']
['21746'],119,['21746: SMALL RED RETROSPOT WINDMILL']
['23198'],134,['23198: PANTRY MAGNETIC  SHOPPING LIST']
['20727'],478,['20727: LUNCH BAG  BLACK SKULL.']
"['20727', '22383']",173,"['20727: LUNCH BAG  BLACK SKULL.', '22383: LUNCH BAG SUKI DESIGN ']"
"['20727', '20725']",194,"['20727: LUNCH BAG  BLACK SKULL.', '20725: LUNCH BAG RED RETROSPOT']"
"['20727', '23209']",118,"['20727: LUNCH BAG  BLACK SKULL.', '23209: LUNCH BAG VINTAGE DOILY ']"
['22627'],167,['22627: MINT KITCHEN SCALES']
['21672'],145,['21672: WHITE SPOT RED CERAMIC DRAWER KNOB']
['47566B'],183,['47566B: TEA TIME PARTY BUNTING']
['22429'],155,['22429: ENAMEL MEASURING JUG CREAM']
['23204'],221,['23204: CHARLOTTE BAG APPLES DESIGN']
['22424'],199,['22424: ENAMEL BREAD BIN CREAM']
['84692'],164,['84692: BOX OF 24 COCKTAIL PARASOLS']
['22652'],177,['22652: TRAVEL SEWING KIT']
['22553'],153,['22553: PLASTERS IN TIN SKULLS']
['85123A'],1166,['85123A: WHITE HANGING HEART T-LIGHT HOLDER']
['22662'],235,['22662: LUNCH BAG DOLLY GIRL DESIGN']
"['22662', '22382']",124,"['22662: LUNCH BAG DOLLY GIRL DESIGN', '22382: LUNCH BAG SPACEBOY DESIGN ']"
['21974'],114,['21974: SET OF 36 PAISLEY FLOWER DOILIES']
['22558'],271,['22558: CLOTHES PEGS RETROSPOT PACK 24 ']
['22847'],209,['22847: BREAD BIN DINER STYLE IVORY']
['82583'],186,['82583: HOT BATHS METAL SIGN']
['85150'],168,['85150: LADIES & GENTLEMEN METAL SIGN']
['21122'],120,['21122: SET/10 PINK POLKADOT PARTY CANDLES']
['21928'],322,['21928: JUMBO BAG SCANDINAVIAN BLUE PAISLEY']
"['21928', '85099B']",188,"['21928: JUMBO BAG SCANDINAVIAN BLUE PAISLEY', '85099B: JUMBO BAG RED RETROSPOT']"
"['21928', '22386']",127,"['21928: JUMBO BAG SCANDINAVIAN BLUE PAISLEY', '22386: JUMBO BAG PINK POLKADOT']"
"['21928', '21929']",152,"['21928: JUMBO BAG SCANDINAVIAN BLUE PAISLEY', '21929: JUMBO BAG PINK VINTAGE PAISLEY']"
"['21928', '22411']",127,"['21928: JUMBO BAG SCANDINAVIAN BLUE PAISLEY', '22411: JUMBO SHOPPER VINTAGE RED PAISLEY']"
['82600'],201,['82600: NO SINGING METAL SIGN']
['21259'],131,['21259: VICTORIAN SEWING BOX SMALL ']
['23206'],428,['23206: LUNCH BAG APPLE DESIGN']
"['23206', '22383']",142,"['23206: LUNCH BAG APPLE DESIGN', '22383: LUNCH BAG SUKI DESIGN ']"
"['23206', '20725']",143,"['23206: LUNCH BAG APPLE DESIGN', '20725: LUNCH BAG RED RETROSPOT']"
"['23206', '23209']",142,"['23206: LUNCH BAG APPLE DESIGN', '23209: LUNCH BAG VINTAGE DOILY ']"
['22730'],256,['22730: ALARM CLOCK BAKELIKE IVORY']
"['22730', '22726']",137,"['22730: ALARM CLOCK BAKELIKE IVORY', '22726: ALARM CLOCK BAKELIKE GREEN']"
"['22730', '22727']",168,"['22730: ALARM CLOCK BAKELIKE IVORY', '22727: ALARM CLOCK BAKELIKE RED ']"
"['22730', '22728']",122,"['22730: ALARM CLOCK BAKELIKE IVORY', '22728: ALARM CLOCK BAKELIKE PINK']"
['84378'],223,['84378: SET OF 3 HEART COOKIE CUTTERS']
['85099C'],379,['85099C: JUMBO  BAG BAROQUE BLACK WHITE']
"['85099C', '85099B']",207,"['85099C: JUMBO  BAG BAROQUE BLACK WHITE', '85099B: JUMBO BAG RED RETROSPOT']"
"['85099C', '22386']",140,"['85099C: JUMBO  BAG BAROQUE BLACK WHITE', '22386: JUMBO BAG PINK POLKADOT']"
"['85099C', '21931']",116,"['85099C: JUMBO  BAG BAROQUE BLACK WHITE', '21931: JUMBO STORAGE BAG SUKI']"
"['85099C', '22411']",126,"['85099C: JUMBO  BAG BAROQUE BLACK WHITE', '22411: JUMBO SHOPPER VINTAGE RED PAISLEY']"
['22840'],136,['22840: ROUND CAKE TIN VINTAGE RED']
['21212'],509,['21212: PACK OF 72 RETROSPOT CAKE CASES']
['22776'],247,['22776: SWEETHEART CAKESTAND 3 TIER']
['20969'],118,['20969: RED FLORAL FELTCRAFT SHOULDER BAG']
['21485'],299,['21485: RETROSPOT HEART HOT WATER BOTTLE']
['23439'],147,['23439: HAND WARMER RED LOVE HEART']
['22271'],126,['22271: FELTCRAFT DOLL ROSIE']
['22989'],122,['22989: SET 2 PANTRY DESIGN TEA TOWELS']
['82494L'],460,['82494L: WOODEN FRAME ANTIQUE WHITE ']
"['82494L', '82482']",242,"['82494L: WOODEN FRAME ANTIQUE WHITE ', '82482: WOODEN PICTURE FRAME WHITE FINISH']"
"['82494L', '85123A']",122,"['82494L: WOODEN FRAME ANTIQUE WHITE ', '85123A: WHITE HANGING HEART T-LIGHT HOLDER']"
['21533'],166,['21533: RETROSPOT LARGE MILK JUG']
['23493'],143,['23493: VINTAGE DOILY TRAVEL SEWING KIT']
['21673'],133,['21673: WHITE SPOT BLUE CERAMIC DRAWER KNOB']
['84949'],154,['84949: SILVER HANGING T-LIGHT HOLDER']
['22624'],341,['22624: IVORY KITCHEN SCALES']
['47566'],886,['47566: PARTY BUNTING']
"['47566', '22423']",116,"['47566: PARTY BUNTING', '22423: REGENCY CAKESTAND 3 TIER']"
"['47566', '85123A']",126,"['47566: PARTY BUNTING', '85123A: WHITE HANGING HEART T-LIGHT HOLDER']"
['21498'],193,['21498: RED RETROSPOT WRAP ']
['22725'],163,['22725: ALARM CLOCK BAKELIKE CHOCOLATE']
"['22725', '22727']",116,"['22725: ALARM CLOCK BAKELIKE CHOCOLATE', '22727: ALARM CLOCK BAKELIKE RED ']"
['22488'],151,['22488: NATURAL SLATE RECTANGLE CHALKBOARD']
['23231'],140,['23231: WRAP DOILEY DESIGN']
['21479'],174,['21479: WHITE SKULL HOT WATER BOTTLE ']
['22661'],158,['22661: CHARLOTTE BAG DOLLY GIRL DESIGN']
['21914'],239,['21914: BLUE HARMONICA IN BOX ']
"['21914', '21915']",123,"['21914: BLUE HARMONICA IN BOX ', '21915: RED  HARMONICA IN BOX ']"
['23108'],186,['23108: SET OF 10 LED DOLLY LIGHTS']
['21519'],115,['21519: GIN & TONIC DIET GREETING CARD ']
['21889'],210,['21889: WOODEN BOX OF DOMINOES']
['22791'],169,['22791: T-LIGHT GLASS FLUTED ANTIQUE']
['20676'],132,['20676: RED RETROSPOT BOWL']
['22578'],204,['22578: WOODEN STAR CHRISTMAS SCANDINAVIAN']
"['22578', '22577']",142,"['22578: WOODEN STAR CHRISTMAS SCANDINAVIAN', '22577: WOODEN HEART CHRISTMAS SCANDINAVIAN']"
['22381'],179,['22381: TOY TIDY PINK POLKADOT']
['22149'],259,['22149: FELTCRAFT 6 FLOWER FRIENDS']
['21937'],121,['21937: STRAWBERRY   PICNIC BAG']
['48138'],327,['48138: DOORMAT UNION FLAG']
['22866'],227,['22866: HAND WARMER SCOTTY DOG DESIGN']
"['22866', '22865']",124,"['22866: HAND WARMER SCOTTY DOG DESIGN', '22865: HAND WARMER OWL DESIGN']"
['22427'],309,['22427: ENAMEL FLOWER JUG CREAM']
['22745'],127,"[""22745: POPPY'S PLAYHOUSE BEDROOM ""]"
['23245'],389,['23245: SET OF 3 REGENCY CAKE TINS']
"['23245', '22423']",114,"['23245: SET OF 3 REGENCY CAKE TINS', '22423: REGENCY CAKESTAND 3 TIER']"
['22663'],138,['22663: JUMBO BAG DOLLY GIRL DESIGN']
['22386'],549,['22386: JUMBO BAG PINK POLKADOT']
"['22386', '23203']",136,"['22386: JUMBO BAG PINK POLKADOT', '23203: JUMBO BAG VINTAGE DOILY ']"
"['22386', '85099B']",329,"['22386: JUMBO BAG PINK POLKADOT', '85099B: JUMBO BAG RED RETROSPOT']"
['22385'],248,['22385: JUMBO BAG SPACEBOY DESIGN']
"['22385', '85099B']",136,"['22385: JUMBO BAG SPACEBOY DESIGN', '85099B: JUMBO BAG RED RETROSPOT']"
['15036'],217,['15036: ASSORTED COLOURS SILK FAN']
['23103'],119,['23103: JINGLE BELL HEART DECORATION']
['84347'],148,['84347: ROTATING SILVER ANGELS T-LIGHT HLDR']
['16161P'],133,['16161P: WRAP ENGLISH ROSE ']
['22865'],282,['22865: HAND WARMER OWL DESIGN']
['21121'],124,['21121: SET/10 RED POLKADOT PARTY CANDLES']
['22620'],166,['22620: 4 TRADITIONAL SPINNING TOPS']
['22795'],155,['22795: SWEETHEART RECIPE BOOK STAND']
['22699'],476,['22699: ROSES REGENCY TEACUP AND SAUCER ']
"['22699', '22423']",241,"['22699: ROSES REGENCY TEACUP AND SAUCER ', '22423: REGENCY CAKESTAND 3 TIER']"
['22142'],145,['22142: CHRISTMAS CRAFT WHITE FAIRY ']
['21929'],352,['21929: JUMBO BAG PINK VINTAGE PAISLEY']
"['21929', '85099B']",187,"['21929: JUMBO BAG PINK VINTAGE PAISLEY', '85099B: JUMBO BAG RED RETROSPOT']"
"['21929', '22386']",148,"['21929: JUMBO BAG PINK VINTAGE PAISLEY', '22386: JUMBO BAG PINK POLKADOT']"
"['21929', '22411']",147,"['21929: JUMBO BAG PINK VINTAGE PAISLEY', '22411: JUMBO SHOPPER VINTAGE RED PAISLEY']"
['22492'],198,['22492: MINI PAINT SET VINTAGE ']
['15056BL'],176,['15056BL: EDWARDIAN PARASOL BLACK']
['22697'],432,['22697: GREEN REGENCY TEACUP AND SAUCER']
"['22697', '22699']",323,"['22697: GREEN REGENCY TEACUP AND SAUCER', '22699: ROSES REGENCY TEACUP AND SAUCER ']"
"['22697', '22699', '22423']",179,"['22697: GREEN REGENCY TEACUP AND SAUCER', '22699: ROSES REGENCY TEACUP AND SAUCER ', '22423: REGENCY CAKESTAND 3 TIER']"
"['22697', '22423']",219,"['22697: GREEN REGENCY TEACUP AND SAUCER', '22423: REGENCY CAKESTAND 3 TIER']"
['22693'],140,['22693: GROW A FLYTRAP OR SUNFLOWER IN TIN']
['22423'],1078,['22423: REGENCY CAKESTAND 3 TIER']
['22734'],152,['22734: SET OF 6 RIBBONS VINTAGE CHRISTMAS']
['22169'],163,['22169: FAMILY ALBUM WHITE PICTURE FRAME']
['22568'],243,['22568: FELTCRAFT CUSHION OWL']
['23356'],213,['23356: LOVE HOT WATER BOTTLE']
['22029'],170,['22029: SPACEBOY BIRTHDAY CARD']
['22150'],188,['22150: 3 STRIPEY MICE FELTCRAFT']
['21430'],161,['21430: SET/3 RED GINGHAM ROSE STORAGE BOX']
['21210'],182,['21210: SET OF 72 RETROSPOT PAPER  DOILIES']
['22556'],208,['22556: PLASTERS IN TIN CIRCUS PARADE ']
['21930'],233,['21930: JUMBO STORAGE BAG SKULLS']
['22630'],268,['22630: DOLLY GIRL LUNCH BOX']
"['22630', '22629']",187,"['22630: DOLLY GIRL LUNCH BOX', '22629: SPACEBOY LUNCH BOX ']"
['22158'],121,['22158: 3 HEARTS HANGING DECORATION RUSTIC']
['84755'],334,['84755: COLOUR GLASS T-LIGHT HOLDER HANGING']
['21034'],401,['21034: REX CASH+CARRY JUMBO SHOPPER']
['21216'],138,"['21216: SET 3 RETROSPOT TEA,COFFEE,SUGAR']"
['22296'],129,['22296: HEART IVORY TRELLIS LARGE']
['21499'],119,['21499: BLUE POLKADOT WRAP']
['22969'],316,['22969: HOMEMADE JAM SCENTED CANDLES']
['84380'],221,['84380: SET OF 3 BUTTERFLY COOKIE CUTTERS']
['22113'],252,['22113: GREY HEART HOT WATER BOTTLE']
['22457'],593,['22457: NATURAL SLATE HEART CHALKBOARD ']
['22303'],125,['22303: COFFEE MUG APPLES DESIGN']
['22961'],495,['22961: JAM MAKING SET PRINTED']
"['22961', '22960']",144,"['22961: JAM MAKING SET PRINTED', '22960: JAM MAKING SET WITH JARS']"
['22722'],367,['22722: SET OF 6 SPICE TINS PANTRY DESIGN']
"['22722', '22720']",162,"['22722: SET OF 6 SPICE TINS PANTRY DESIGN', '22720: SET OF 3 CAKE TINS PANTRY DESIGN ']"
['22690'],145,['22690: DOORMAT HOME SWEET HOME BLUE ']
['21933'],134,['21933: PINK VINTAGE PAISLEY PICNIC BAG']
['20970'],116,['20970: PINK FLORAL FELTCRAFT SHOULDER BAG']
['21755'],291,['21755: LOVE BUILDING BLOCK WORD']
"['21755', '21754']",138,"['21755: LOVE BUILDING BLOCK WORD', '21754: HOME BUILDING BLOCK WORD']"
['23318'],155,['23318: BOX OF 6 MINI VINTAGE CRACKERS']
['84997B'],165,['84997B: CHILDRENS CUTLERY RETROSPOT RED ']
['22411'],441,['22411: JUMBO SHOPPER VINTAGE RED PAISLEY']
"['22411', '23203']",123,"['22411: JUMBO SHOPPER VINTAGE RED PAISLEY', '23203: JUMBO BAG VINTAGE DOILY ']"
"['22411', '85099B']",233,"['22411: JUMBO SHOPPER VINTAGE RED PAISLEY', '85099B: JUMBO BAG RED RETROSPOT']"
"['22411', '22386']",145,"['22411: JUMBO SHOPPER VINTAGE RED PAISLEY', '22386: JUMBO BAG PINK POLKADOT']"
['23343'],177,['23343: JUMBO BAG VINTAGE CHRISTMAS ']
['23188'],141,['23188: VINTAGE  2 METER FOLDING RULER']
['48185'],153,['48185: DOORMAT FAIRY CAKE']
['22834'],132,['22834: HAND WARMER BABUSHKA DESIGN']
['22784'],162,['22784: LANTERN CREAM GAZEBO ']
['22144'],214,['22144: CHRISTMAS CRAFT LITTLE FRIENDS']
['22998'],191,['22998: TRAVEL CARD WALLET KEEP CALM']
['84375'],170,['84375: SET OF 20 KIDS COOKIE CUTTERS']
['21932'],150,['21932: SCANDINAVIAN PAISLEY PICNIC BAG']
['21523'],227,['21523: DOORMAT FANCY FONT HOME SWEET HOME']
['21669'],179,['21669: BLUE STRIPE CERAMIC DRAWER KNOB']
['20749'],204,['20749: ASSORTED COLOUR MINI CASES']
['22557'],166,['22557: PLASTERS IN TIN VINTAGE PAISLEY ']
['22379'],258,['22379: RECYCLING BAG RETROSPOT ']
['84997A'],121,['84997A: CHILDRENS CUTLERY POLKADOT GREEN ']
['21791'],247,['21791: VINTAGE HEADS AND TAILS CARD GAME ']
['20750'],193,['20750: RED RETROSPOT MINI CASES']
['22855'],118,['22855: FINE WICKER HEART ']
['21232'],304,['21232: STRAWBERRY CERAMIC TRINKET BOX']
['84945'],216,['84945: MULTI COLOUR SILVER T-LIGHT HOLDER']
['21754'],388,['21754: HOME BUILDING BLOCK WORD']
['20975'],127,['20975: 12 PENCILS SMALL TUBE RED RETROSPOT']
['22151'],137,['22151: PLACE SETTING WHITE HEART']
['21871'],124,['21871: SAVE THE PLANET MUG']
['84978'],352,['84978: HANGING HEART JAR T-LIGHT HOLDER']
['23240'],238,['23240: SET OF 4 KNICK KNACK TINS DOILY ']
['22027'],133,['22027: TEA PARTY BIRTHDAY CARD']
['22579'],115,['22579: WOODEN TREE CHRISTMAS SCANDINAVIAN']
['22138'],466,['22138: BAKING SET 9 PIECE RETROSPOT ']
['21535'],154,['21535: RED RETROSPOT SMALL MILK JUG']
['22835'],277,['22835: HOT WATER BOTTLE I AM SO POORLY']
"['22835', '22112']",164,"['22835: HOT WATER BOTTLE I AM SO POORLY', '22112: CHOCOLATE HOT WATER BOTTLE']"
['21671'],144,['21671: RED SPOT CERAMIC DRAWER KNOB']
['22629'],326,['22629: SPACEBOY LUNCH BOX ']
['22607'],163,['22607: WOODEN ROUNDERS GARDEN SET ']
['21172'],152,['21172: PARTY METAL SIGN ']
['21156'],132,['21156: RETROSPOT CHILDRENS APRON']
['22470'],432,['22470: HEART OF WICKER LARGE']
"['22470', '22469']",203,"['22470: HEART OF WICKER LARGE', '22469: HEART OF WICKER SMALL']"
"['22470', '85123A']",138,"['22470: HEART OF WICKER LARGE', '85123A: WHITE HANGING HEART T-LIGHT HOLDER']"
['35970'],175,['35970: ZINC FOLKART SLEIGH BELLS']
['22622'],140,['22622: BOX OF VINTAGE ALPHABET BLOCKS']
['85099B'],1026,['85099B: JUMBO BAG RED RETROSPOT']
['22147'],212,['22147: FELTCRAFT BUTTERFLY HEARTS']
['M'],160,['M: Manual']
['23084'],547,['23084: RABBIT NIGHT LIGHT']
['21231'],188,['21231: SWEETHEART CERAMIC TRINKET BOX']
['22844'],169,['22844: VINTAGE CREAM DOG FOOD CONTAINER']
['23503'],148,['23503: PLAYING CARDS KEEP CALM & CARRY ON']
['22907'],231,['22907: PACK OF 20 NAPKINS PANTRY DESIGN']
['71053'],166,['71053: WHITE METAL LANTERN']
['23208'],266,['23208: LUNCH BAG VINTAGE LEAF DESIGN']
"['23208', '23206']",120,"['23208: LUNCH BAG VINTAGE LEAF DESIGN', '23206: LUNCH BAG APPLE DESIGN']"
"['23208', '23209']",129,"['23208: LUNCH BAG VINTAGE LEAF DESIGN', '23209: LUNCH BAG VINTAGE DOILY ']"
['84029G'],180,['84029G: KNITTED UNION FLAG HOT WATER BOTTLE']
['47590A'],207,['47590A: BLUE HAPPY BIRTHDAY BUNTING']
"['47590A', '47590B']",143,"['47590A: BLUE HAPPY BIRTHDAY BUNTING', '47590B: PINK HAPPY BIRTHDAY BUNTING']"
['22666'],400,['22666: RECIPE BOX PANTRY YELLOW DESIGN']
"['22666', '22720']",115,"['22666: RECIPE BOX PANTRY YELLOW DESIGN', '22720: SET OF 3 CAKE TINS PANTRY DESIGN ']"
['71459'],251,['71459: HANGING JAM JAR T-LIGHT HOLDER']
['23354'],119,"[""23354: 6 GIFT TAGS 50'S CHRISTMAS ""]"
['79321'],312,['79321: CHILLI LIGHTS']
['23307'],197,['23307: SET OF 60 PANTRY DESIGN CAKE CASES ']
['23118'],129,['23118: PARISIENNE JEWELLERY DRAWER ']
['22952'],220,['22952: 60 CAKE CASES VINTAGE CHRISTMAS']
['23012'],116,['23012: GLASS APOTHECARY BOTTLE PERFUME']
['20724'],359,['20724: RED RETROSPOT CHARLOTTE BAG']
"['20724', '85099B']",122,"['20724: RED RETROSPOT CHARLOTTE BAG', '85099B: JUMBO BAG RED RETROSPOT']"
['21166'],291,['21166: COOK WITH WINE METAL SIGN ']
"['21166', '21175']",126,"['21166: COOK WITH WINE METAL SIGN ', '21175: GIN + TONIC DIET METAL SIGN']"
"['21166', '21181']",114,"['21166: COOK WITH WINE METAL SIGN ', '21181: PLEASE ONE PERSON METAL SIGN']"
['22417'],134,['22417: PACK OF 60 SPACEBOY CAKE CASES']
['82552'],124,['82552: WASHROOM METAL SIGN']
['22084'],242,['22084: PAPER CHAIN KIT EMPIRE']
['22383'],495,['22383: LUNCH BAG SUKI DESIGN ']
"['22383', '85099B']",116,"['22383: LUNCH BAG SUKI DESIGN ', '85099B: JUMBO BAG RED RETROSPOT']"
"['22383', '20725']",209,"['22383: LUNCH BAG SUKI DESIGN ', '20725: LUNCH BAG RED RETROSPOT']"
"['22383', '23209']",127,"['22383: LUNCH BAG SUKI DESIGN ', '23209: LUNCH BAG VINTAGE DOILY ']"
['22694'],145,['22694: WICKER STAR ']
['22908'],121,['22908: PACK OF 20 NAPKINS RED APPLES']
['23175'],153,['23175: REGENCY MILK JUG PINK ']
['82486'],333,['82486: WOOD S/3 CABINET ANT WHITE FINISH']
['22585'],164,['22585: PACK OF 6 BIRDY GIFT TAGS']
['21892'],141,['21892: TRADITIONAL WOODEN CATCH CUP GAME ']
['22041'],132,"['22041: RECORD FRAME 7"" SINGLE SIZE ']"
['22384'],441,['22384: LUNCH BAG PINK POLKADOT']
"['22384', '22383']",158,"['22384: LUNCH BAG PINK POLKADOT', '22383: LUNCH BAG SUKI DESIGN ']"
"['22384', '20725']",218,"['22384: LUNCH BAG PINK POLKADOT', '20725: LUNCH BAG RED RETROSPOT']"
"['22384', '20728']",189,"['22384: LUNCH BAG PINK POLKADOT', '20728: LUNCH BAG CARS BLUE']"
"['22384', '20728', '20725']",114,"['22384: LUNCH BAG PINK POLKADOT', '20728: LUNCH BAG CARS BLUE', '20725: LUNCH BAG RED RETROSPOT']"
"['22384', '20727']",174,"['22384: LUNCH BAG PINK POLKADOT', '20727: LUNCH BAG  BLACK SKULL.']"
['23298'],582,['23298: SPOTTY BUNTING']
"['23298', '47566']",196,"['23298: SPOTTY BUNTING', '47566: PARTY BUNTING']"
['23294'],149,['23294: SET OF 6 SNACK LOAF BAKING CASES']
['23144'],138,['23144: ZINC T-LIGHT HOLDER STARS SMALL']
['22749'],189,['22749: FELTCRAFT PRINCESS CHARLOTTE DOLL']
['22502'],162,['22502: PICNIC BASKET WICKER SMALL']
['82582'],170,['82582: AREA PATROLLED METAL SIGN']
['84988'],155,['84988: SET OF 72 PINK HEART PAPER DOILIES']
['22577'],208,['22577: WOODEN HEART CHRISTMAS SCANDINAVIAN']
['22083'],234,['22083: PAPER CHAIN KIT RETROSPOT']
['22616'],185,['22616: PACK OF 12 LONDON TISSUES ']
['21326'],167,['21326: AGED GLASS SILVER T-LIGHT HOLDER']
['21136'],201,['21136: PAINTED METAL PEARS ASSORTED']
"['21136', '84879']",152,"['21136: PAINTED METAL PEARS ASSORTED', '84879: ASSORTED COLOUR BIRD ORNAMENT']"
['23295'],177,['23295: SET OF 12 MINI LOAF BAKING CASES']
"['23295', '23293']",119,"['23295: SET OF 12 MINI LOAF BAKING CASES', '23293: SET OF 12 FAIRY CAKE BAKING CASES']"
['22867'],223,['22867: HAND WARMER BIRD DESIGN']
['84077'],256,['84077: WORLD WAR 2 GLIDERS ASSTD DESIGNS']
['23582'],120,['23582: VINTAGE DOILY JUMBO BAG RED ']
['21733'],321,['21733: RED HANGING HEART T-LIGHT HOLDER']
"['21733', '85123A']",200,"['21733: RED HANGING HEART T-LIGHT HOLDER', '85123A: WHITE HANGING HEART T-LIGHT HOLDER']"
['22114'],298,['22114: HOT WATER BOTTLE TEA AND SYMPATHY']
"['22114', '23355']",120,"['22114: HOT WATER BOTTLE TEA AND SYMPATHY', '23355: HOT WATER BOTTLE KEEP CALM']"
"['22114', '22112']",151,"['22114: HOT WATER BOTTLE TEA AND SYMPATHY', '22112: CHOCOLATE HOT WATER BOTTLE']"
['23052'],126,['23052: RECYCLED ACAPULCO MAT TURQUOISE']
['82484'],376,['82484: WOOD BLACK BOARD ANT WHITE FINISH']
['23480'],118,['23480: MINI LIGHTS WOODLAND MUSHROOMS']
['22621'],246,['22621: TRADITIONAL KNITTING NANCY']
['22900'],214,['22900:  SET 2 TEA TOWELS I LOVE LONDON ']
['21484'],135,['21484: CHICK GREY HOT WATER BOTTLE']
['23209'],508,['23209: LUNCH BAG VINTAGE DOILY ']
"['23209', '23203']",209,"['23209: LUNCH BAG VINTAGE DOILY ', '23203: JUMBO BAG VINTAGE DOILY ']"
"['23209', '20725']",164,"['23209: LUNCH BAG VINTAGE DOILY ', '20725: LUNCH BAG RED RETROSPOT']"
['21703'],133,['21703: BAG 125g SWIRLY MARBLES']
['85014A'],114,['85014A: BLACK/BLUE POLKADOT UMBRELLA']
['22467'],271,['22467: GUMBALL COAT RACK']
['23076'],143,['23076: ICE CREAM SUNDAE LIP GLOSS']
['21985'],154,['21985: PACK OF 12 HEARTS DESIGN TISSUES ']
['23202'],456,['23202: JUMBO BAG VINTAGE LEAF']
"['23202', '23203']",237,"['23202: JUMBO BAG VINTAGE LEAF', '23203: JUMBO BAG VINTAGE DOILY ']"
"['23202', '23203', '85099B']",121,"['23202: JUMBO BAG VINTAGE LEAF', '23203: JUMBO BAG VINTAGE DOILY ', '85099B: JUMBO BAG RED RETROSPOT']"
"['23202', '85099B']",195,"['23202: JUMBO BAG VINTAGE LEAF', '85099B: JUMBO BAG RED RETROSPOT']"
['22432'],122,['22432: WATERING CAN PINK BUNNY']
['22698'],341,['22698: PINK REGENCY TEACUP AND SAUCER']
"['22698', '22699']",255,"['22698: PINK REGENCY TEACUP AND SAUCER', '22699: ROSES REGENCY TEACUP AND SAUCER ']"
"['22698', '22699', '22423']",153,"['22698: PINK REGENCY TEACUP AND SAUCER', '22699: ROSES REGENCY TEACUP AND SAUCER ', '22423: REGENCY CAKESTAND 3 TIER']"
"['22698', '22697']",275,"['22698: PINK REGENCY TEACUP AND SAUCER', '22697: GREEN REGENCY TEACUP AND SAUCER']"
"['22698', '22697', '22699']",229,"['22698: PINK REGENCY TEACUP AND SAUCER', '22697: GREEN REGENCY TEACUP AND SAUCER', '22699: ROSES REGENCY TEACUP AND SAUCER ']"
"['22698', '22697', '22699', '22423']",138,"['22698: PINK REGENCY TEACUP AND SAUCER', '22697: GREEN REGENCY TEACUP AND SAUCER', '22699: ROSES REGENCY TEACUP AND SAUCER ', '22423: REGENCY CAKESTAND 3 TIER']"
"['22698', '22697', '22423']",156,"['22698: PINK REGENCY TEACUP AND SAUCER', '22697: GREEN REGENCY TEACUP AND SAUCER', '22423: REGENCY CAKESTAND 3 TIER']"
"['22698', '22423']",181,"['22698: PINK REGENCY TEACUP AND SAUCER', '22423: REGENCY CAKESTAND 3 TIER']"
['22619'],173,['22619: SET OF 6 SOLDIER SKITTLES']
['23284'],423,['23284: DOORMAT KEEP CALM AND COME IN']
['22983'],139,['22983: CARD BILLBOARD FONT']
['22941'],130,['22941: CHRISTMAS LIGHTS 10 REINDEER']
['22720'],654,['22720: SET OF 3 CAKE TINS PANTRY DESIGN ']
['22507'],151,['22507: MEMO BOARD RETROSPOT  DESIGN']
['21086'],163,['21086: SET/6 RED SPOTTY PAPER CUPS']
"['21086', '21094']",128,"['21086: SET/6 RED SPOTTY PAPER CUPS', '21094: SET/6 RED SPOTTY PAPER PLATES']"
['23174'],146,['23174: REGENCY SUGAR BOWL GREEN']
['23173'],209,['23173: REGENCY TEAPOT ROSES ']
['22456'],168,['22456: NATURAL SLATE CHALKBOARD LARGE ']
['20718'],186,['20718: RED RETROSPOT SHOPPER BAG']
['20711'],157,['20711: JUMBO BAG TOYS ']
['22570'],175,['22570: FELTCRAFT CUSHION RABBIT']
['21975'],195,['21975: PACK OF 60 DINOSAUR CAKE CASES']
['21731'],311,['21731: RED TOADSTOOL LED NIGHT LIGHT']
['22328'],219,['22328: ROUND SNACK BOXES SET OF 4 FRUITS ']
"['22328', '22326']",120,"['22328: ROUND SNACK BOXES SET OF 4 FRUITS ', '22326: ROUND SNACK BOXES SET OF4 WOODLAND ']"
['84970S'],250,['84970S: HANGING HEART ZINC T-LIGHT HOLDER']
['23351'],119,"[""23351: ROLL WRAP 50'S CHRISTMAS""]"
['82482'],482,['82482: WOODEN PICTURE FRAME WHITE FINISH']
"['82482', '85123A']",137,"['82482: WOODEN PICTURE FRAME WHITE FINISH', '85123A: WHITE HANGING HEART T-LIGHT HOLDER']"
['22326'],288,['22326: ROUND SNACK BOXES SET OF4 WOODLAND ']
"['22326', 'POST']",156,"['22326: ROUND SNACK BOXES SET OF4 WOODLAND ', 'POST: POSTAGE']"
['23320'],124,"[""23320: GIANT 50'S CHRISTMAS CRACKER""]"
['23322'],242,['23322: LARGE WHITE HEART OF WICKER']
"['23322', '23321']",119,"['23322: LARGE WHITE HEART OF WICKER', '23321: SMALL WHITE HEART OF WICKER']"
['23230'],116,['23230: WRAP ALPHABET DESIGN']
['22633'],211,['22633: HAND WARMER UNION JACK']
['22910'],356,['22910: PAPER CHAIN KIT VINTAGE CHRISTMAS']
"['22910', '22086']",201,"['22910: PAPER CHAIN KIT VINTAGE CHRISTMAS', ""22086: PAPER CHAIN KIT 50'S CHRISTMAS ""]"
['22979'],134,['22979: PANTRY WASHING UP BRUSH']
['22219'],132,['22219: LOVEBIRD HANGING DECORATION WHITE ']
['21888'],121,['21888: BINGO SET']
['22993'],435,['22993: SET OF 4 PANTRY JELLY MOULDS']
['22333'],141,['22333: RETROSPOT PARTY BAG + STICKER SET']
['22560'],153,['22560: TRADITIONAL MODELLING CLAY']
['21175'],331,['21175: GIN + TONIC DIET METAL SIGN']
['23300'],262,['23300: GARDENERS KNEELING PAD CUP OF TEA ']
"['23300', '23301']",175,"['23300: GARDENERS KNEELING PAD CUP OF TEA ', '23301: GARDENERS KNEELING PAD KEEP CALM ']"
['22469'],561,['22469: HEART OF WICKER SMALL']
"['22469', '85123A']",119,"['22469: HEART OF WICKER SMALL', '85123A: WHITE HANGING HEART T-LIGHT HOLDER']"
['23311'],149,['23311: VINTAGE CHRISTMAS STOCKING ']
['23263'],138,['23263: SET OF 3 WOODEN HEART DECORATIONS']
['21165'],128,['21165: BEWARE OF THE CAT METAL SIGN ']
['21790'],393,['21790: VINTAGE SNAP CARDS']
['22171'],170,['22171: 3 HOOK PHOTO SHELF ANTIQUE WHITE']
['21340'],161,['21340: CLASSIC METAL BIRDCAGE PLANT HOLDER']
['22273'],145,['22273: FELTCRAFT DOLL MOLLY']
['47590B'],208,['47590B: PINK HAPPY BIRTHDAY BUNTING']
['84947'],184,['84947: ANTIQUE SILVER TEA GLASS ENGRAVED']
['21169'],155,"[""21169: YOU'RE CONFUSING ME METAL SIGN ""]"
['21770'],167,['21770: OPEN CLOSED METAL SIGN']
['20723'],222,['20723: STRAWBERRY CHARLOTTE BAG']
"['20723', '20724']",123,"['20723: STRAWBERRY CHARLOTTE BAG', '20724: RED RETROSPOT CHARLOTTE BAG']"
['22692'],177,['22692: DOORMAT WELCOME TO OUR HOME']
['22087'],164,['22087: PAPER BUNTING WHITE LACE']
['22659'],256,['22659: LUNCH BOX I LOVE LONDON']
['22554'],199,['22554: PLASTERS IN TIN WOODLAND ANIMALS']
['21213'],213,['21213: PACK OF 72 SKULL CAKE CASES']
['46000S'],126,['46000S: POLYESTER FILLER PAD 40x40cm']
['20713'],246,['20713: JUMBO BAG OWLS']
"['20713', '85099B']",117,"['20713: JUMBO BAG OWLS', '85099B: JUMBO BAG RED RETROSPOT']"
['22561'],189,['22561: WOODEN SCHOOL COLOURING SET']
['23126'],117,['23126: FELTCRAFT GIRL AMELIE KIT']
['22355'],295,['22355: CHARLOTTE BAG SUKI DESIGN']
"['22355', '20724']",121,"['22355: CHARLOTTE BAG SUKI DESIGN', '20724: RED RETROSPOT CHARLOTTE BAG']"
['20726'],370,['20726: LUNCH BAG WOODLAND']
"['20726', '22382']",138,"['20726: LUNCH BAG WOODLAND', '22382: LUNCH BAG SPACEBOY DESIGN ']"
"['20726', '22383']",136,"['20726: LUNCH BAG WOODLAND', '22383: LUNCH BAG SUKI DESIGN ']"
"['20726', '20725']",156,"['20726: LUNCH BAG WOODLAND', '20725: LUNCH BAG RED RETROSPOT']"
"['20726', '22384']",118,"['20726: LUNCH BAG WOODLAND', '22384: LUNCH BAG PINK POLKADOT']"
"['20726', '20728']",144,"['20726: LUNCH BAG WOODLAND', '20728: LUNCH BAG CARS BLUE']"
"['20726', '20727']",123,"['20726: LUNCH BAG WOODLAND', '20727: LUNCH BAG  BLACK SKULL.']"
['22668'],121,['22668: PINK BABY BUNTING']
['22090'],337,['22090: PAPER BUNTING RETROSPOT']
['21936'],233,['21936: RED RETROSPOT PICNIC BAG']
['23583'],133,['23583: LUNCH BAG PAISLEY PARK  ']
['23201'],446,['23201: JUMBO BAG ALPHABET']
"['23201', '23203']",161,"['23201: JUMBO BAG ALPHABET', '23203: JUMBO BAG VINTAGE DOILY ']"
"['23201', '85099B']",162,"['23201: JUMBO BAG ALPHABET', '85099B: JUMBO BAG RED RETROSPOT']"
"['23201', '23202']",140,"['23201: JUMBO BAG ALPHABET', '23202: JUMBO BAG VINTAGE LEAF']"
['82483'],269,['82483: WOOD 2 DRAWER CABINET WHITE FINISH']
"['82483', '82486']",146,"['82483: WOOD 2 DRAWER CABINET WHITE FINISH', '82486: WOOD S/3 CABINET ANT WHITE FINISH']"
['22082'],143,['22082: RIBBON REEL STRIPES DESIGN ']
['20725'],643,['20725: LUNCH BAG RED RETROSPOT']
"['20725', '85099B']",206,"['20725: LUNCH BAG RED RETROSPOT', '85099B: JUMBO BAG RED RETROSPOT']"
['20685'],318,['20685: DOORMAT RED RETROSPOT']
['22141'],151,['22141: CHRISTMAS CRAFT TREE TOP ANGEL']
['22898'],130,['22898: CHILDRENS APRON APPLES DESIGN']
['21497'],120,['21497: FANCY FONTS BIRTHDAY WRAP']
['23199'],422,['23199: JUMBO BAG APPLES']
"['23199', '23206']",128,"['23199: JUMBO BAG APPLES', '23206: LUNCH BAG APPLE DESIGN']"
"['23199', '23203']",164,"['23199: JUMBO BAG APPLES', '23203: JUMBO BAG VINTAGE DOILY ']"
"['23199', '85099B']",203,"['23199: JUMBO BAG APPLES', '85099B: JUMBO BAG RED RETROSPOT']"
"['23199', '22386']",126,"['23199: JUMBO BAG APPLES', '22386: JUMBO BAG PINK POLKADOT']"
"['23199', '23201']",159,"['23199: JUMBO BAG APPLES', '23201: JUMBO BAG ALPHABET']"
"['23199', '23202']",149,"['23199: JUMBO BAG APPLES', '23202: JUMBO BAG VINTAGE LEAF']"
['23296'],162,['23296: SET OF 6 TEA TIME BAKING CASES']
['23169'],139,['23169: CLASSIC GLASS COOKIE JAR']
['22771'],186,['22771: CLEAR DRAWER KNOB ACRYLIC EDWARDIAN']
['22750'],157,['22750: FELTCRAFT PRINCESS LOLA DOLL']
['22768'],135,['22768: FAMILY PHOTO FRAME CORNICE']
['22960'],501,['22960: JAM MAKING SET WITH JARS']
"['22960', '22720']",118,"['22960: JAM MAKING SET WITH JARS', '22720: SET OF 3 CAKE TINS PANTRY DESIGN ']"
['21559'],168,['21559: STRAWBERRY LUNCH BOX WITH CUTLERY']
['22605'],146,['22605: WOODEN CROQUET GARDEN SET']
['22487'],226,['22487: WHITE WOOD GARDEN PLANT LADDER']
['21137'],204,['21137: BLACK RECORD COVER FRAME']
['22988'],165,['22988: SOLDIERS EGG CUP ']
['47591D'],178,['47591D: PINK FAIRY CAKE CHILDRENS APRON']
['23077'],154,['23077: DOUGHNUT LIP GLOSS ']
['48194'],303,['48194: DOORMAT HEARTS']
['21908'],127,['21908: CHOCOLATE THIS WAY METAL SIGN']
['22356'],215,['22356: CHARLOTTE BAG PINK POLKADOT']
"['22356', '20724']",125,"['22356: CHARLOTTE BAG PINK POLKADOT', '20724: RED RETROSPOT CHARLOTTE BAG']"
['21539'],118,['21539: RED RETROSPOT BUTTER DISH']
['22625'],247,['22625: RED KITCHEN SCALES']
"['22625', '22624']",134,"['22625: RED KITCHEN SCALES', '22624: IVORY KITCHEN SCALES']"
['22667'],193,['22667: RECIPE BOX RETROSPOT ']
['22501'],173,['22501: PICNIC BASKET WICKER LARGE']
['23232'],114,['23232: WRAP VINTAGE LEAF DESIGN']
['20914'],352,['20914: SET/5 RED RETROSPOT LID GLASS BOWLS']
['20719'],272,['20719: WOODLAND CHARLOTTE BAG']
"['20719', '20724']",125,"['20719: WOODLAND CHARLOTTE BAG', '20724: RED RETROSPOT CHARLOTTE BAG']"
['22845'],123,['22845: VINTAGE CREAM CAT FOOD CONTAINER']
['84029E'],209,['84029E: RED WOOLLY HOTTIE WHITE HEART.']
['22846'],133,['22846: BREAD BIN DINER STYLE RED ']
['84946'],465,['84946: ANTIQUE SILVER T-LIGHT GLASS']
['23293'],238,['23293: SET OF 12 FAIRY CAKE BAKING CASES']
['23082'],144,['23082: SET 6 PAPER TABLE LANTERN HEARTS ']
['22555'],163,['22555: PLASTERS IN TIN STRONGMAN']
['POST'],925,['POST: POSTAGE']
['21217'],152,['21217: RED RETROSPOT ROUND CAKE TINS']
['20679'],140,['20679: EDWARDIAN PARASOL RED']
['22728'],325,['22728: ALARM CLOCK BAKELIKE PINK']
"['22728', '22726']",166,"['22728: ALARM CLOCK BAKELIKE PINK', '22726: ALARM CLOCK BAKELIKE GREEN']"
"['22728', '22726', '22727']",123,"['22728: ALARM CLOCK BAKELIKE PINK', '22726: ALARM CLOCK BAKELIKE GREEN', '22727: ALARM CLOCK BAKELIKE RED ']"
"['22728', '22727']",192,"['22728: ALARM CLOCK BAKELIKE PINK', '22727: ALARM CLOCK BAKELIKE RED ']"
['20974'],131,['20974: 12 PENCILS SMALL TUBE SKULL']
['22112'],431,['22112: CHOCOLATE HOT WATER BOTTLE']
['22189'],258,['22189: CREAM HEART CARD HOLDER']
['22637'],121,['22637: PIGGY BANK RETROSPOT ']
['22086'],518,"[""22086: PAPER CHAIN KIT 50'S CHRISTMAS ""]"
['21080'],384,['21080: SET/20 RED RETROSPOT PAPER NAPKINS ']
['22352'],136,['22352: LUNCH BOX WITH CUTLERY RETROSPOT ']
['21094'],187,['21094: SET/6 RED SPOTTY PAPER PLATES']
"['21094', '21080']",124,"['21094: SET/6 RED SPOTTY PAPER PLATES', '21080: SET/20 RED RETROSPOT PAPER NAPKINS ']"
['84997C'],159,['84997C: CHILDRENS CUTLERY POLKADOT BLUE']
['22489'],147,['22489: PACK OF 12 TRADITIONAL CRAYONS']
['23313'],169,['23313: VINTAGE CHRISTMAS BUNTING']
['84997D'],206,['84997D: CHILDRENS CUTLERY POLKADOT PINK']
['22191'],230,['22191: IVORY DINER WALL CLOCK']
['22804'],180,['22804: CANDLEHOLDER PINK HANGING HEART']
"['22804', '85123A']",124,"['22804: CANDLEHOLDER PINK HANGING HEART', '85123A: WHITE HANGING HEART T-LIGHT HOLDER']"
['21670'],154,['21670: BLUE SPOT CERAMIC DRAWER KNOB']
['21891'],166,['21891: TRADITIONAL WOODEN SKIPPING ROPE']
